id;isbn;title;description;author;genre;image_url
1;Handmade Cotton Table CSS;Mayotte Dynamic SAS;digital forecast Bahrain;Principal Baht radical;Configuration mobile intuitive;Center
2;Georgia generate;Designer calculating;Overpass toolset;architectures synthesizing Industrial;Cotton Representative software;Bedfordshire calculating Toys
3;connecting;Games;Personal Loan Account bleeding-edge payment;markets;ivory Mouse;programming Licensed Plastic Bacon Consultant
4;Berkshire Developer orchestrate;online withdrawal payment;Handmade Wooden Shoes;navigating Club Practical Granite Chicken;generate Health deposit;Cambridgeshire Computer
5;e-business Czech Koruna back-end;Producer hard drive;mobile Product programming;Checking Account Industrial;back-end Future-proofed compressing;Table green Dominica
6;Shoes parse world-class;Cocos (Keeling) Islands South Carolina;interface;Som;silver Clothing alarm;Books Oklahoma
7;Antigua and Barbuda Station;interface calculate Zloty;backing up;Auto Loan Account generate Health;Cambridgeshire;circuit Planner optical
8;HDD Arkansas;payment Consultant SQL;olive Intelligent;Surinam Dollar interfaces bus;Assistant Pataca;networks engineer
9;Rand Namibia Dollar;methodical Concrete Saint Helena Pound;Car SMS Optimization;hack migration District;Djibouti Franc;USB
10;Western Sahara program Technician;digital vortals initiatives;composite;Iceland Avon;azure Intelligent Fresh Chicken wireless;hybrid
